epoch,step,test_accuracy,train_acc,val_acc
0,859,,,0.8980000019073486
0,859,,0.7734545469284058,
1,860,0.9035454392433167,,
