epoch,step,train_acc,val_acc
0,859,,0.8691999912261963
0,859,0.7784545421600342,
