epoch,step,test_accuracy,train_acc,val_acc
0,859,,,0.876800000667572
0,859,,0.7784545421600342,
1,860,0.8829454779624939,,
